system:time_start,NDMI
"Jan 2, 2019",
"Jan 7, 2019",
"Jan 12, 2019",
"Jan 17, 2019",
"Jan 22, 2019",
"Jan 27, 2019",0.237
"Feb 1, 2019",0.246
"Feb 6, 2019",0.279
"Feb 11, 2019",
"Feb 16, 2019",0.294
"Feb 21, 2019",
"Feb 26, 2019",0.114
"Mar 3, 2019",
"Mar 8, 2019",0.257
"Mar 13, 2019",
"Mar 18, 2019",0.247
"Mar 23, 2019",0.19
"Mar 28, 2019",
"Apr 2, 2019",
"Apr 7, 2019",
"Apr 12, 2019",0.166
"Apr 17, 2019",0.179
"Apr 22, 2019",
"Apr 27, 2019",
"May 2, 2019",
"May 7, 2019",0.239
"May 12, 2019",
"May 17, 2019",0.163
"May 22, 2019",0.31
"May 27, 2019",0.278
"Jun 1, 2019",
"Jun 6, 2019",0.24
"Jun 11, 2019",0.104
"Jun 16, 2019",
"Jun 21, 2019",
"Jun 26, 2019",0.399
"Jul 1, 2019",
"Jul 6, 2019",0.297
"Jul 11, 2019",0.253
"Jul 16, 2019",
"Jul 21, 2019",
"Jul 26, 2019",0.084
"Jul 31, 2019",0.108
"Aug 5, 2019",
"Aug 10, 2019",-0.019
"Aug 15, 2019",-0.061
"Aug 20, 2019",
"Aug 25, 2019",
"Aug 30, 2019",-0.03
"Sep 4, 2019",-0.088
"Sep 9, 2019",
"Sep 14, 2019",
"Sep 19, 2019",-0.111
"Sep 24, 2019",
"Sep 29, 2019",-0.092
"Oct 4, 2019",
"Oct 9, 2019",0.03
"Oct 14, 2019",
"Oct 19, 2019",
"Oct 24, 2019",
"Oct 29, 2019",0.136
"Nov 3, 2019",0.108
"Nov 8, 2019",-0.021
"Nov 13, 2019",-0.077
"Nov 18, 2019",
"Nov 23, 2019",-0.028
"Nov 28, 2019",
"Dec 3, 2019",
"Dec 8, 2019",
"Dec 13, 2019",0.087
"Dec 18, 2019",
"Dec 23, 2019",
"Dec 28, 2019",
"Jan 2, 2020",
"Jan 7, 2020",
"Jan 12, 2020",
"Jan 17, 2020",0.278
"Jan 22, 2020",
"Jan 27, 2020",
"Feb 1, 2020",0.205
"Feb 6, 2020",
"Feb 11, 2020",0.236
"Feb 16, 2020",
"Feb 21, 2020",
"Feb 26, 2020",
"Mar 2, 2020",
"Mar 7, 2020",0.455
"Mar 12, 2020",
"Mar 17, 2020",0.287
"Mar 22, 2020",
"Mar 27, 2020",
"Apr 1, 2020",
"Apr 6, 2020",0.217
"Apr 11, 2020",0.294
"Apr 16, 2020",0.326
"Apr 21, 2020",
"Apr 26, 2020",
"May 1, 2020",
"May 6, 2020",
"May 11, 2020",
"May 16, 2020",
"May 21, 2020",0.104
"May 26, 2020",0.16
"May 31, 2020",
"Jun 5, 2020",
"Jun 10, 2020",
"Jun 15, 2020",0.111
"Jun 20, 2020",
"Jun 25, 2020",
"Jun 30, 2020",
"Jul 5, 2020",0.12
"Jul 10, 2020",0.01
"Jul 15, 2020",
"Jul 20, 2020",
"Jul 25, 2020",0.018
"Jul 30, 2020",
"Aug 4, 2020",-0.005
"Aug 9, 2020",0.019
"Aug 14, 2020",
"Aug 19, 2020",0.098
"Aug 24, 2020",0.258
"Aug 29, 2020",
"Sep 3, 2020",
"Sep 8, 2020",
"Sep 13, 2020",
"Sep 18, 2020",0.049
"Sep 23, 2020",0.154
"Sep 28, 2020",
"Oct 3, 2020",0.173
"Oct 8, 2020",
"Oct 13, 2020",
"Oct 18, 2020",0.184
"Oct 28, 2020",0.27
"Nov 2, 2020",
"Nov 7, 2020",
"Nov 12, 2020",
"Nov 22, 2020",
"Nov 27, 2020",
"Dec 2, 2020",
"Dec 7, 2020",
"Dec 12, 2020",
"Dec 17, 2020",
"Dec 22, 2020",
"Dec 27, 2020",0.165
"Jan 1, 2021",
"Jan 6, 2021",
"Jan 11, 2021",
"Jan 16, 2021",
"Jan 21, 2021",
"Jan 26, 2021",
"Jan 31, 2021",
"Feb 5, 2021",0.243
"Feb 10, 2021",0.236
"Feb 15, 2021",0.204
"Feb 20, 2021",
"Feb 25, 2021",
"Mar 2, 2021",
"Mar 7, 2021",0.19
"Mar 12, 2021",0.146
"Mar 17, 2021",0.083
"Mar 22, 2021",
"Mar 27, 2021",
"Apr 1, 2021",
"Apr 6, 2021",
"Apr 11, 2021",
"Apr 16, 2021",
"Apr 21, 2021",0.193
"Apr 26, 2021",
"May 1, 2021",0.213
"May 6, 2021",
"May 11, 2021",0.222
"May 16, 2021",0.158
"May 21, 2021",
"May 26, 2021",0.344
"May 31, 2021",
"Jun 5, 2021",0.289
"Jun 10, 2021",
"Jun 15, 2021",
"Jun 20, 2021",
"Jun 25, 2021",0.273
"Jun 30, 2021",0.313
"Jul 5, 2021",0.303
"Jul 10, 2021",
"Jul 15, 2021",
"Jul 20, 2021",0.267
"Jul 25, 2021",0.189
"Jul 30, 2021",0.342
"Aug 4, 2021",0.183
"Aug 14, 2021",0.132
"Aug 19, 2021",
"Aug 24, 2021",
"Aug 29, 2021",0.246
"Sep 3, 2021",
"Sep 8, 2021",
"Sep 13, 2021",
"Sep 18, 2021",
"Sep 23, 2021",
"Sep 28, 2021",
"Oct 3, 2021",
"Oct 8, 2021",
"Oct 13, 2021",
"Oct 18, 2021",
"Oct 23, 2021",0.284
"Oct 28, 2021",
"Nov 2, 2021",
"Nov 7, 2021",
"Nov 17, 2021",0.227
"Nov 22, 2021",0.172
"Nov 27, 2021",
"Dec 2, 2021",
"Dec 7, 2021",
"Dec 12, 2021",
"Dec 17, 2021",
"Dec 22, 2021",
"Dec 27, 2021",
"Jan 1, 2022",
"Jan 6, 2022",
"Jan 11, 2022",
"Jan 16, 2022",
"Jan 21, 2022",
"Jan 26, 2022",
"Jan 31, 2022",
"Feb 5, 2022",
"Feb 10, 2022",
"Feb 15, 2022",
"Feb 20, 2022",
"Feb 25, 2022",0.285
"Mar 2, 2022",
"Mar 7, 2022",
"Mar 12, 2022",0.26
"Mar 17, 2022",
"Mar 22, 2022",
"Mar 27, 2022",0.282
"Apr 1, 2022",
"Apr 6, 2022",
"Apr 11, 2022",0.304
"Apr 16, 2022",
"Apr 21, 2022",
"Apr 26, 2022",
"May 1, 2022",0.313
"May 6, 2022",0.438
"May 11, 2022",
"May 16, 2022",0.175
"May 21, 2022",
"May 26, 2022",
"May 31, 2022",
"Jun 5, 2022",0.415
"Jun 10, 2022",0.368
"Jun 15, 2022",0.421
"Jun 20, 2022",
"Jun 25, 2022",
"Jun 30, 2022",
"Jul 5, 2022",
"Jul 10, 2022",0.326
"Jul 15, 2022",0.334
"Jul 20, 2022",
"Jul 25, 2022",
"Jul 30, 2022",
"Aug 4, 2022",
"Aug 9, 2022",0.34
"Aug 14, 2022",0.347
"Aug 19, 2022",
"Aug 24, 2022",
"Aug 29, 2022",0.335
"Sep 3, 2022",
"Sep 8, 2022",
"Sep 13, 2022",
"Sep 18, 2022",
"Sep 23, 2022",
"Sep 28, 2022",0.332
"Oct 3, 2022",
"Oct 8, 2022",
"Oct 13, 2022",
"Oct 18, 2022",
"Oct 23, 2022",
"Oct 28, 2022",
"Nov 2, 2022",
"Nov 7, 2022",
"Nov 12, 2022",
"Nov 17, 2022",
"Nov 22, 2022",0.338
"Nov 27, 2022",
"Dec 2, 2022",
"Dec 7, 2022",
"Dec 12, 2022",
"Dec 17, 2022",
"Dec 22, 2022",
"Dec 27, 2022",
"Jan 6, 2023",
"Jan 11, 2023",
"Jan 16, 2023",
"Jan 21, 2023",
"Jan 26, 2023",
"Jan 31, 2023",
"Feb 5, 2023",
"Feb 10, 2023",0.329
"Feb 15, 2023",
"Feb 20, 2023",
"Feb 25, 2023",
"Mar 2, 2023",
"Mar 7, 2023",0.332
"Mar 12, 2023",
"Mar 17, 2023",
"Mar 27, 2023",
"Apr 1, 2023",
"Apr 6, 2023",
"Apr 11, 2023",0.173
"Apr 21, 2023",0.327
"Apr 26, 2023",0.339
"May 1, 2023",
"May 6, 2023",0.305
"May 11, 2023",
"May 16, 2023",0.324
"May 21, 2023",
"May 26, 2023",0.337
"May 31, 2023",
"Jun 5, 2023",0.355
"Jun 10, 2023",0.355
"Jun 15, 2023",
"Jun 20, 2023",
"Jun 25, 2023",
"Jun 30, 2023",
"Jul 5, 2023",0.343
"Jul 10, 2023",
"Jul 15, 2023",
"Jul 20, 2023",
"Jul 25, 2023",0.343
"Jul 30, 2023",
"Aug 4, 2023",
"Aug 9, 2023",0.344
"Aug 14, 2023",
"Aug 19, 2023",0.321
"Aug 24, 2023",
"Aug 29, 2023",0.33
"Sep 3, 2023",0.328
"Sep 8, 2023",0.308
"Sep 13, 2023",0.34
"Sep 18, 2023",0.366
"Sep 23, 2023",
"Sep 28, 2023",0.293
"Oct 3, 2023",
"Oct 8, 2023",
"Oct 13, 2023",
"Oct 18, 2023",
"Oct 23, 2023",
"Oct 28, 2023",
"Nov 2, 2023",
"Nov 12, 2023",
"Nov 17, 2023",0.349
"Nov 22, 2023",
"Dec 2, 2023",
"Dec 7, 2023",
"Dec 12, 2023",
"Dec 17, 2023",
"Dec 22, 2023",
"Dec 27, 2023",
"Jan 1, 2024",
"Jan 6, 2024",0.318
"Jan 11, 2024",
"Jan 16, 2024",
"Jan 21, 2024",
"Jan 26, 2024",0.399
"Jan 31, 2024",
"Feb 5, 2024",
"Feb 10, 2024",0.348
"Feb 15, 2024",
"Feb 20, 2024",
"Feb 25, 2024",
"Mar 1, 2024",
"Mar 6, 2024",
"Mar 11, 2024",
"Mar 16, 2024",
"Mar 21, 2024",0.312
"Mar 26, 2024",
"Mar 31, 2024",
"Apr 5, 2024",0.329
"Apr 15, 2024",
"Apr 20, 2024",0.333
"Apr 25, 2024",0.294
"Apr 30, 2024",0.335
"May 5, 2024",
"May 10, 2024",
"May 15, 2024",0.279
"May 20, 2024",
"May 25, 2024",
"May 30, 2024",0.326
"Jun 4, 2024",
"Jun 9, 2024",
"Jun 14, 2024",
"Jun 19, 2024",
"Jun 24, 2024",
"Jun 29, 2024",
"Jul 4, 2024",
"Jul 9, 2024",
"Jul 14, 2024",
"Jul 19, 2024",
"Jul 24, 2024",
"Jul 29, 2024",
"Aug 3, 2024",
"Aug 8, 2024",
"Aug 13, 2024",
"Aug 18, 2024",
"Aug 23, 2024",0.294
"Aug 28, 2024",
"Sep 2, 2024",
"Sep 7, 2024",
"Sep 12, 2024",0.347
"Sep 17, 2024",
"Sep 22, 2024",
"Sep 27, 2024",0.287
"Oct 2, 2024",
"Oct 7, 2024",
"Oct 12, 2024",
"Oct 17, 2024",
"Oct 22, 2024",0.374
"Oct 27, 2024",
"Nov 1, 2024",0.322
"Nov 6, 2024",
"Nov 11, 2024",
"Nov 16, 2024",
"Nov 21, 2024",
"Nov 26, 2024",
"Dec 1, 2024",
"Dec 6, 2024",0.281
"Dec 11, 2024",
"Dec 11, 2024",
"Dec 16, 2024",0.325
"Dec 21, 2024",
"Dec 26, 2024",
"Dec 31, 2024",
"Jan 5, 2025",
"Jan 10, 2025",
"Jan 15, 2025",0.354
"Jan 20, 2025",
"Jan 25, 2025",
"Jan 30, 2025",
"Feb 4, 2025",
"Feb 9, 2025",
"Feb 14, 2025",
"Feb 19, 2025",
"Feb 24, 2025",0.299
"Mar 1, 2025",
"Mar 6, 2025",
"Mar 11, 2025",
"Mar 16, 2025",
"Mar 21, 2025",
"Mar 26, 2025",
"Mar 31, 2025",
"Apr 5, 2025",0.318
"Apr 10, 2025",
"Apr 12, 2025",0.341
"Apr 15, 2025",
"Apr 20, 2025",
"Apr 25, 2025",
"Apr 30, 2025",0.332
"May 2, 2025",
"May 5, 2025",
"May 10, 2025",0.317
"May 15, 2025",0.354
"May 20, 2025",0.337
"May 22, 2025",
"May 25, 2025",0.385
"May 30, 2025",
"Jun 4, 2025",
"Jun 9, 2025",0.34
"Jun 11, 2025",
"Jun 14, 2025",0.344
"Jun 19, 2025",
"Jun 24, 2025",
"Jun 29, 2025",
"Jul 1, 2025",0.352
"Jul 4, 2025",
"Jul 9, 2025",0.341
"Jul 14, 2025",
"Jul 19, 2025",0.301
"Jul 21, 2025",0.364
"Jul 24, 2025",
"Jul 29, 2025",0.382
"Aug 3, 2025",
"Aug 8, 2025",
"Aug 10, 2025",0.336
"Aug 13, 2025",
"Aug 13, 2025",0.32
"Aug 18, 2025",
"Aug 23, 2025",
"Aug 28, 2025",
"Aug 30, 2025",
"Sep 2, 2025",
"Sep 7, 2025",0.255
"Sep 12, 2025",
"Sep 17, 2025",
"Sep 19, 2025",
"Sep 22, 2025",0.293
"Sep 27, 2025",0.267
"Oct 2, 2025",
"Oct 7, 2025",0.27
"Oct 9, 2025",0.294
"Oct 12, 2025",
"Oct 17, 2025",
"Oct 22, 2025",
"Oct 27, 2025",
"Oct 29, 2025",
"Nov 1, 2025",0.273
"Nov 11, 2025",
"Nov 16, 2025",
"Nov 18, 2025",
"Nov 21, 2025",
"Nov 26, 2025",0.282
"Dec 1, 2025",
"Dec 6, 2025",
"Dec 8, 2025",
"Dec 11, 2025",
"Dec 16, 2025",
"Dec 21, 2025",0.29
"Dec 26, 2025",
"Dec 28, 2025",0.255
